headword,pos,cefr,topic,in_seed
menu,noun,A2,"restaurant,hotel",true
hotel,noun,A1,"hotel,directions",true
airport,noun,A1,"hotel,airport,directions",true
where,adverb,A1,directions,true
table,noun,A1,restaurant,true
room,noun,A1,hotel,true
ticket,noun,A1,"airport,directions",true
where,conjunction,A1,directions,true
reservation,noun,B1,"restaurant,hotel,airport",true
room,verb,B1,hotel,true
passport,noun,B1,airport,true
how,adverb,A1,directions,true
waiter,noun,A1,restaurant,true
key,adjective,A1,hotel,true
luggage,noun,B1,"hotel,airport",true
left,adjective,A1,directions,true
waitress,noun,A1,restaurant,true
key,noun,A1,hotel,true
baggage,noun,B1,airport,true
left,adverb,A2,directions,true
bill,noun,A2,"restaurant,hotel",true
reception,noun,B1,hotel,true
gate,noun,A2,airport,true
left,noun,A2,directions,true
bill,verb,B1,"restaurant,hotel",true
starter,,,restaurant,false
appetizer,,,restaurant,false
vegan,,,restaurant,false
ketchup,,,restaurant,false
mayonnaise,,,restaurant,false
menu item,,,restaurant,false
thank you,,,restaurant,false
excuse me,,,restaurant,false
buffet,,,restaurant,false
cuisine,,,restaurant,false
cafe,,,"restaurant,directions",false
bistro,,,restaurant,false
hours,,,restaurant,false
reservation required,,,restaurant,false
walk-in,,,restaurant,false
high chair,,,restaurant,false
outdoor seating,,,restaurant,false
indoor seating,,,restaurant,false
menu options,,,restaurant,false
dietary restrictions,,,restaurant,false
allergy,,,restaurant,false
gluten-free,,,restaurant,false
nut-free,,,restaurant,false
dessert menu,,,restaurant,false
coffee menu,,,restaurant,false
drink menu,,,restaurant,false
happy hour,,,restaurant,false
special offer,,,restaurant,false
reservation confirmation,,,restaurant,false
enjoy your meal,,,restaurant,false
check-in,,,"hotel,airport",false
check-out,,,hotel,false
wifi,,,"hotel,airport",false
amenities,,,hotel,false
cleaning,,,hotel,false
housekeeping,,,hotel,false
doctor,,,hotel,false
internet,,,hotel,false
connection,,,hotel,false
checklist,,,hotel,false
motel,,,hotel,false
suite,,,hotel,false
triple,,,hotel,false
shared,,,hotel,false
rules,,,hotel,false
boarding pass,,,airport,false
boarding,,,airport,false
arrivals,,,airport,false
departures,,,airport,false
flight number,,,airport,false
carry-on,,,airport,false
overhead bin,,,airport,false
restroom,,,airport,false
ATM,,,airport,false
lounge,,,airport,false
waiting,,,airport,false
boarding time,,,airport,false
check luggage,,,airport,false
security check,,,airport,false
passport control,,,airport,false
boarding gate,,,airport,false
flight attendant,,,airport,false
ticket counter,,,airport,false
information desk,,,airport,false
lost luggage,,,airport,false
schedule board,,,airport,false
departure lounge,,,airport,false
first class,,,airport,false
business class,,,airport,false
economy class,,,airport,false
boarding area,,,airport,false
flight delay,,,airport,false
on time,,,airport,false
cancelled,,,airport,false
reschedule,,,airport,false
travel insurance,,,airport,false
itinerary,,,airport,false
boarding queue,,,airport,false
priority boarding,,,airport,false
security line,,,airport,false
travel document,,,airport,false
check-in desk,,,airport,false
flight gate,,,airport,false
layover,,,airport,false
direct flight,,,airport,false
connecting flight,,,airport,false
round trip,,,airport,false
one way,,,airport,false
flight path,,,airport,false
seat belt,,,airport,false
emergency exit,,,airport,false
oxygen mask,,,airport,false
life jacket,,,airport,false
takeoff,,,airport,false
arrival hall,,,airport,false
departure hall,,,airport,false
baggage claim,,,airport,false
lost and found,,,airport,false
travel guide,,,airport,false
boarding process,,,airport,false
carry-on bag,,,airport,false
checked baggage,,,airport,false
security officer,,,airport,false
boarding announcement,,,airport,false
flight status,,,airport,false
departure time,,,airport,false
arrival time,,,airport,false
air traffic control,,,airport,false
gate number,,,airport,false
travel agency,,,airport,false
flight schedule,,,airport,false
check-in time,,,airport,false
boarding call,,,airport,false
customs declaration,,,airport,false
travel restrictions,,,airport,false
health check,,,airport,false
travel tips,,,airport,false
local transport,,,airport,false
crosswalk,,,directions,false
landmark,,,directions,false
enroll,,,directions,false
organize,,,directions,false
